department,job,q1,q2,q3,q4
Accounting,Account Representative IV,1,1,1,1
Accounting,Actuary,1,1,1,1
Accounting,Analyst Programmer,1,1,1,1
Accounting,Assistant Manager,1,1,1,1
Accounting,Associate Professor,1,1,1,1
Accounting,Budget/Accounting Analyst III,1,1,1,1
Accounting,Cost Accountant,1,1,1,1
Accounting,Data Coordiator,1,1,1,1
Accounting,Database Administrator III,1,1,1,1
Accounting,Desktop Support Technician,1,1,1,1
Accounting,Developer III,1,1,1,1
Accounting,Executive Secretary,1,1,1,1
Accounting,Food Chemist,1,1,1,1
Accounting,Geologist II,1,1,1,1
Accounting,Graphic Designer,1,1,1,1
Accounting,Health Coach III,1,1,1,1
Accounting,Health Coach IV,1,1,1,1
Accounting,Help Desk Technician,1,1,1,1
Accounting,Junior Executive,1,1,1,1
Accounting,Legal Assistant,2,2,2,2
Accounting,Media Manager III,1,1,1,1
Accounting,Programmer Analyst IV,3,3,3,3
Accounting,Programmer III,1,1,1,1
Accounting,Project Manager,1,1,1,1
Accounting,Research Assistant IV,1,1,1,1
Accounting,Sales Representative,2,2,2,2
Accounting,Senior Cost Accountant,1,1,1,1
Accounting,Senior Developer,2,2,2,2
Accounting,Senior Sales Associate,1,1,1,1
Accounting,Software Test Engineer IV,1,1,1,1
Accounting,Statistician I,1,1,1,1
Accounting,Statistician II,2,2,2,2
Accounting,Structural Analysis Engineer,3,3,3,3
Accounting,VP Accounting,1,1,1,1
Accounting,Web Designer I,1,1,1,1
Accounting,Web Designer III,1,1,1,1
Accounting,Web Developer I,1,1,1,1
Accounting,Web Developer III,2,2,2,2
Business Development,Account Executive,3,3,3,3
Business Development,Account Representative III,1,1,1,1
Business Development,Account Representative IV,2,2,2,2
Business Development,Accountant I,1,1,1,1
Business Development,Accountant IV,4,4,4,4
Business Development,Accounting Assistant I,1,1,1,1
Business Development,Actuary,3,3,3,3
Business Development,Administrative Assistant I,1,1,1,1
Business Development,Administrative Assistant III,1,1,1,1
Business Development,Administrative Officer,1,1,1,1
Business Development,Analog Circuit Design manager,5,5,5,5
Business Development,Analyst Programmer,1,1,1,1
Business Development,Assistant Manager,1,1,1,1
Business Development,Associate Professor,1,1,1,1
Business Development,Automation Specialist I,2,2,2,2
Business Development,Automation Specialist IV,1,1,1,1
Business Development,Biostatistician II,1,1,1,1
Business Development,Biostatistician III,2,2,2,2
Business Development,Budget/Accounting Analyst I,1,1,1,1
Business Development,Budget/Accounting Analyst III,2,2,2,2
Business Development,Budget/Accounting Analyst IV,4,4,4,4
Business Development,Business Systems Development Analyst,1,1,1,1
Business Development,Civil Engineer,6,6,6,6
Business Development,Clinical Specialist,5,5,5,5
Business Development,Community Outreach Specialist,1,1,1,1
Business Development,Computer Systems Analyst III,1,1,1,1
Business Development,Computer Systems Analyst IV,1,1,1,1
Business Development,Database Administrator II,1,1,1,1
Business Development,Database Administrator III,3,3,3,3
Business Development,Database Administrator IV,2,2,2,2
Business Development,Dental Hygienist,3,3,3,3
Business Development,Developer II,2,2,2,2
Business Development,Director of Sales,1,1,1,1
Business Development,Engineer III,1,1,1,1
Business Development,Environmental Tech,1,1,1,1
Business Development,Executive Secretary,3,3,3,3
Business Development,Food Chemist,2,2,2,2
Business Development,General Manager,4,4,4,4
Business Development,Geological Engineer,2,2,2,2
Business Development,Geologist II,6,6,6,6
Business Development,Geologist IV,2,2,2,2
Business Development,GIS Technical Architect,1,1,1,1
Business Development,Graphic Designer,2,2,2,2
Business Development,Health Coach IV,4,4,4,4
Business Development,Human Resources Assistant III,1,1,1,1
Business Development,Human Resources Assistant IV,3,3,3,3
Business Development,Information Systems Manager,1,1,1,1
Business Development,Internal Auditor,3,3,3,3
Business Development,Junior Executive,5,5,5,5
Business Development,Legal Assistant,3,3,3,3
Business Development,Marketing Manager,2,2,2,2
Business Development,Mechanical Systems Engineer,2,2,2,2
Business Development,Media Manager III,1,1,1,1
Business Development,Occupational Therapist,3,3,3,3
Business Development,Office Assistant IV,1,1,1,1
Business Development,Pharmacist,2,2,2,2
Business Development,Product Engineer,2,2,2,2
Business Development,Programmer Analyst II,1,1,1,1
Business Development,Programmer I,1,1,1,1
Business Development,Programmer III,4,4,4,4
Business Development,Programmer IV,4,4,4,4
Business Development,Quality Control Specialist,4,4,4,4
Business Development,Quality Engineer,2,2,2,2
Business Development,Recruiter,3,3,3,3
Business Development,Recruiting Manager,1,1,1,1
Business Development,Registered Nurse,1,1,1,1
Business Development,Research Assistant II,1,1,1,1
Business Development,Research Assistant III,1,1,1,1
Business Development,Research Assistant IV,1,1,1,1
Business Development,Research Nurse,2,2,2,2
Business Development,Safety Technician IV,1,1,1,1
Business Development,Sales Representative,3,3,3,3
Business Development,Senior Cost Accountant,4,4,4,4
Business Development,Senior Developer,1,1,1,1
Business Development,Senior Editor,3,3,3,3
Business Development,Senior Financial Analyst,1,1,1,1
Business Development,Senior Quality Engineer,2,2,2,2
Business Development,Senior Sales Associate,1,1,1,1
Business Development,Software Test Engineer IV,4,4,4,4
Business Development,Staff Accountant I,1,1,1,1
Business Development,Staff Accountant III,1,1,1,1
Business Development,Staff Accountant IV,4,4,4,4
Business Development,Staff Scientist,2,2,2,2
Business Development,Statistician II,1,1,1,1
Business Development,Statistician III,2,2,2,2
Business Development,Structural Analysis Engineer,5,5,5,5
Business Development,Structural Engineer,1,1,1,1
Business Development,Systems Administrator II,1,1,1,1
Business Development,Systems Administrator IV,4,4,4,4
Business Development,Teacher,3,3,3,3
Business Development,Technical Writer,2,2,2,2
Business Development,VP Accounting,2,2,2,2
Business Development,VP Marketing,1,1,1,1
Business Development,VP Product Management,1,1,1,1
Business Development,Web Designer I,3,3,3,3
Business Development,Web Designer II,1,1,1,1
Business Development,Web Designer III,1,1,1,1
Business Development,Web Designer IV,2,2,2,2
Business Development,Web Developer I,5,5,5,5
Business Development,Web Developer II,2,2,2,2
Business Development,Web Developer III,1,1,1,1
Engineering,Account Coordinator,4,4,4,4
Engineering,Account Executive,1,1,1,1
Engineering,Account Representative IV,1,1,1,1
Engineering,Accountant I,3,3,3,3
Engineering,Accounting Assistant IV,2,2,2,2
Engineering,Actuary,2,2,2,2
Engineering,Administrative Assistant I,1,1,1,1
Engineering,Analog Circuit Design manager,1,1,1,1
Engineering,Analyst Programmer,1,1,1,1
Engineering,Assistant Manager,3,3,3,3
Engineering,Assistant Media Planner,1,1,1,1
Engineering,Assistant Professor,1,1,1,1
Engineering,Associate Professor,4,4,4,4
Engineering,Automation Specialist I,2,2,2,2
Engineering,Biostatistician III,2,2,2,2
Engineering,Budget/Accounting Analyst I,3,3,3,3
Engineering,Budget/Accounting Analyst II,2,2,2,2
Engineering,Budget/Accounting Analyst III,1,1,1,1
Engineering,Budget/Accounting Analyst IV,1,1,1,1
Engineering,Chemical Engineer,1,1,1,1
Engineering,Civil Engineer,4,4,4,4
Engineering,Clinical Specialist,5,5,5,5
Engineering,Community Outreach Specialist,1,1,1,1
Engineering,Computer Systems Analyst I,1,1,1,1
Engineering,Computer Systems Analyst III,2,2,2,2
Engineering,Computer Systems Analyst IV,1,1,1,1
Engineering,Cost Accountant,1,1,1,1
Engineering,Database Administrator I,1,1,1,1
Engineering,Database Administrator II,2,2,2,2
Engineering,Database Administrator III,1,1,1,1
Engineering,Dental Hygienist,3,3,3,3
Engineering,Design Engineer,1,1,1,1
Engineering,Engineer III,3,3,3,3
Engineering,Engineer IV,2,2,2,2
Engineering,Environmental Tech,1,1,1,1
Engineering,Executive Secretary,2,2,2,2
Engineering,Financial Analyst,3,3,3,3
Engineering,Food Chemist,5,5,5,5
Engineering,General Manager,2,2,2,2
Engineering,Geological Engineer,3,3,3,3
Engineering,Geologist I,1,1,1,1
Engineering,Geologist II,4,4,4,4
Engineering,Geologist IV,2,2,2,2
Engineering,GIS Technical Architect,2,2,2,2
Engineering,Graphic Designer,1,1,1,1
Engineering,Health Coach I,1,1,1,1
Engineering,Health Coach III,1,1,1,1
Engineering,Health Coach IV,5,5,5,5
Engineering,Help Desk Operator,2,2,2,2
Engineering,Help Desk Technician,1,1,1,1
Engineering,Human Resources Assistant III,2,2,2,2
Engineering,Human Resources Assistant IV,1,1,1,1
Engineering,Internal Auditor,3,3,3,3
Engineering,Junior Executive,4,4,4,4
Engineering,Legal Assistant,1,1,1,1
Engineering,Marketing Manager,1,1,1,1
Engineering,Mechanical Systems Engineer,1,1,1,1
Engineering,Media Manager IV,2,2,2,2
Engineering,Nuclear Power Engineer,1,1,1,1
Engineering,Nurse,2,2,2,2
Engineering,Nurse Practicioner,1,1,1,1
Engineering,Occupational Therapist,1,1,1,1
Engineering,Office Assistant II,2,2,2,2
Engineering,Payment Adjustment Coordinator,1,1,1,1
Engineering,Pharmacist,1,1,1,1
Engineering,Physical Therapy Assistant,2,2,2,2
Engineering,Product Engineer,3,3,3,3
Engineering,Professor,1,1,1,1
Engineering,Programmer I,2,2,2,2
Engineering,Programmer III,4,4,4,4
Engineering,Programmer IV,5,5,5,5
Engineering,Project Manager,3,3,3,3
Engineering,Quality Control Specialist,2,2,2,2
Engineering,Quality Engineer,6,6,6,6
Engineering,Recruiter,5,5,5,5
Engineering,Recruiting Manager,1,1,1,1
Engineering,Research Assistant II,1,1,1,1
Engineering,Research Assistant IV,1,1,1,1
Engineering,Research Nurse,2,2,2,2
Engineering,Safety Technician IV,2,2,2,2
Engineering,Sales Associate,2,2,2,2
Engineering,Sales Representative,4,4,4,4
Engineering,Senior Cost Accountant,3,3,3,3
Engineering,Senior Developer,3,3,3,3
Engineering,Senior Editor,4,4,4,4
Engineering,Senior Quality Engineer,3,3,3,3
Engineering,Social Worker,1,1,1,1
Engineering,Software Engineer I,3,3,3,3
Engineering,Software Engineer III,2,2,2,2
Engineering,Software Test Engineer I,2,2,2,2
Engineering,Software Test Engineer IV,2,2,2,2
Engineering,Staff Accountant IV,5,5,5,5
Engineering,Staff Scientist,1,1,1,1
Engineering,Statistician II,5,5,5,5
Engineering,Statistician III,2,2,2,2
Engineering,Structural Analysis Engineer,3,3,3,3
Engineering,Structural Engineer,2,2,2,2
Engineering,Systems Administrator II,4,4,4,4
Engineering,Tax Accountant,2,2,2,2
Engineering,Teacher,5,5,5,5
Engineering,Technical Writer,2,2,2,2
Engineering,VP Accounting,2,2,2,2
Engineering,VP Product Management,2,2,2,2
Engineering,Web Designer I,6,6,6,6
Engineering,Web Designer II,1,1,1,1
Engineering,Web Designer III,1,1,1,1
Engineering,Web Designer IV,1,1,1,1
Engineering,Web Developer I,2,2,2,2
Engineering,Web Developer II,1,1,1,1
Human Resources,Account Coordinator,3,3,3,3
Human Resources,Account Executive,3,3,3,3
Human Resources,Account Representative I,1,1,1,1
Human Resources,Account Representative IV,2,2,2,2
Human Resources,Accountant I,2,2,2,2
Human Resources,Accountant II,1,1,1,1
Human Resources,Accountant IV,1,1,1,1
Human Resources,Accounting Assistant I,1,1,1,1
Human Resources,Accounting Assistant II,1,1,1,1
Human Resources,Accounting Assistant IV,3,3,3,3
Human Resources,Actuary,3,3,3,3
Human Resources,Administrative Officer,1,1,1,1
Human Resources,Analog Circuit Design manager,1,1,1,1
Human Resources,Analyst Programmer,2,2,2,2
Human Resources,Assistant Manager,4,4,4,4
Human Resources,Assistant Media Planner,2,2,2,2
Human Resources,Assistant Professor,2,2,2,2
Human Resources,Associate Professor,5,5,5,5
Human Resources,Automation Specialist I,1,1,1,1
Human Resources,Automation Specialist IV,1,1,1,1
Human Resources,Biostatistician III,3,3,3,3
Human Resources,Budget/Accounting Analyst I,2,2,2,2
Human Resources,Budget/Accounting Analyst III,3,3,3,3
Human Resources,Budget/Accounting Analyst IV,2,2,2,2
Human Resources,Chemical Engineer,1,1,1,1
Human Resources,Civil Engineer,2,2,2,2
Human Resources,Clinical Specialist,3,3,3,3
Human Resources,Community Outreach Specialist,1,1,1,1
Human Resources,Computer Systems Analyst III,1,1,1,1
Human Resources,Cost Accountant,3,3,3,3
Human Resources,Data Coordiator,1,1,1,1
Human Resources,Database Administrator I,2,2,2,2
Human Resources,Database Administrator III,2,2,2,2
Human Resources,Database Administrator IV,1,1,1,1
Human Resources,Design Engineer,1,1,1,1
Human Resources,Developer I,1,1,1,1
Human Resources,Developer III,2,2,2,2
Human Resources,Developer IV,1,1,1,1
Human Resources,Director of Sales,4,4,4,4
Human Resources,Editor,2,2,2,2
Human Resources,Electrical Engineer,1,1,1,1
Human Resources,Engineer III,4,4,4,4
Human Resources,Engineer IV,1,1,1,1
Human Resources,Environmental Tech,1,1,1,1
Human Resources,Executive Secretary,3,3,3,3
Human Resources,Food Chemist,1,1,1,1
Human Resources,General Manager,1,1,1,1
Human Resources,Geological Engineer,2,2,2,2
Human Resources,Geologist II,3,3,3,3
Human Resources,Geologist IV,1,1,1,1
Human Resources,GIS Technical Architect,1,1,1,1
Human Resources,Graphic Designer,2,2,2,2
Human Resources,Health Coach I,2,2,2,2
Human Resources,Health Coach III,1,1,1,1
Human Resources,Health Coach IV,2,2,2,2
Human Resources,Human Resources Assistant II,1,1,1,1
Human Resources,Human Resources Assistant III,1,1,1,1
Human Resources,Human Resources Assistant IV,1,1,1,1
Human Resources,Human Resources Manager,1,1,1,1
Human Resources,Information Systems Manager,1,1,1,1
Human Resources,Junior Executive,3,3,3,3
Human Resources,Legal Assistant,1,1,1,1
Human Resources,Marketing Assistant,1,1,1,1
Human Resources,Marketing Manager,2,2,2,2
Human Resources,Media Manager III,3,3,3,3
Human Resources,Nurse,1,1,1,1
Human Resources,Occupational Therapist,2,2,2,2
Human Resources,Office Assistant II,3,3,3,3
Human Resources,Operator,1,1,1,1
Human Resources,Paralegal,1,1,1,1
Human Resources,Payment Adjustment Coordinator,2,2,2,2
Human Resources,Pharmacist,2,2,2,2
Human Resources,Physical Therapy Assistant,1,1,1,1
Human Resources,Product Engineer,4,4,4,4
Human Resources,Professor,3,3,3,3
Human Resources,Programmer Analyst IV,1,1,1,1
Human Resources,Programmer III,3,3,3,3
Human Resources,Programmer IV,4,4,4,4
Human Resources,Project Manager,1,1,1,1
Human Resources,Quality Control Specialist,3,3,3,3
Human Resources,Quality Engineer,2,2,2,2
Human Resources,Recruiter,3,3,3,3
Human Resources,Recruiting Manager,4,4,4,4
Human Resources,Registered Nurse,1,1,1,1
Human Resources,Research Assistant I,1,1,1,1
Human Resources,Research Assistant II,4,4,4,4
Human Resources,Research Assistant IV,3,3,3,3
Human Resources,Research Associate,2,2,2,2
Human Resources,Research Nurse,1,1,1,1
Human Resources,Safety Technician II,1,1,1,1
Human Resources,Safety Technician III,1,1,1,1
Human Resources,Sales Representative,3,3,3,3
Human Resources,Senior Cost Accountant,4,4,4,4
Human Resources,Senior Developer,1,1,1,1
Human Resources,Senior Editor,3,3,3,3
Human Resources,Senior Financial Analyst,4,4,4,4
Human Resources,Senior Quality Engineer,1,1,1,1
Human Resources,Social Worker,3,3,3,3
Human Resources,Software Engineer I,3,3,3,3
Human Resources,Software Engineer III,3,3,3,3
Human Resources,Software Engineer IV,1,1,1,1
Human Resources,Software Test Engineer IV,3,3,3,3
Human Resources,Staff Accountant II,1,1,1,1
Human Resources,Staff Accountant IV,2,2,2,2
Human Resources,Staff Scientist,2,2,2,2
Human Resources,Statistician II,2,2,2,2
Human Resources,Structural Analysis Engineer,1,1,1,1
Human Resources,Systems Administrator II,2,2,2,2
Human Resources,Systems Administrator IV,1,1,1,1
Human Resources,Tax Accountant,2,2,2,2
Human Resources,Teacher,2,2,2,2
Human Resources,Technical Writer,3,3,3,3
Human Resources,VP Accounting,6,6,6,6
Human Resources,VP Marketing,1,1,1,1
Human Resources,VP Product Management,1,1,1,1
Human Resources,VP Quality Control,1,1,1,1
Human Resources,Web Designer I,2,2,2,2
Human Resources,Web Designer II,3,3,3,3
Human Resources,Web Developer I,2,2,2,2
Human Resources,Web Developer II,5,5,5,5
Legal,Account Coordinator,1,1,1,1
Legal,Account Executive,1,1,1,1
Legal,Account Representative IV,1,1,1,1
Legal,Accountant I,1,1,1,1
Legal,Accountant IV,1,1,1,1
Legal,Accounting Assistant IV,1,1,1,1
Legal,Analyst Programmer,1,1,1,1
Legal,Associate Professor,2,2,2,2
Legal,Biostatistician II,1,1,1,1
Legal,Budget/Accounting Analyst III,3,3,3,3
Legal,Chief Design Engineer,2,2,2,2
Legal,Civil Engineer,1,1,1,1
Legal,Clinical Specialist,2,2,2,2
Legal,Computer Systems Analyst IV,1,1,1,1
Legal,Database Administrator II,1,1,1,1
Legal,Database Administrator III,1,1,1,1
Legal,Dental Hygienist,1,1,1,1
Legal,Engineer III,1,1,1,1
Legal,Engineer IV,1,1,1,1
Legal,Financial Advisor,2,2,2,2
Legal,Geologist I,1,1,1,1
Legal,Geologist II,1,1,1,1
Legal,Geologist IV,1,1,1,1
Legal,Health Coach IV,1,1,1,1
Legal,Human Resources Assistant IV,1,1,1,1
Legal,Internal Auditor,1,1,1,1
Legal,Marketing Manager,1,1,1,1
Legal,Media Manager III,1,1,1,1
Legal,Occupational Therapist,2,2,2,2
Legal,Office Assistant IV,1,1,1,1
Legal,Programmer Analyst II,1,1,1,1
Legal,Programmer III,1,1,1,1
Legal,Quality Engineer,1,1,1,1
Legal,Recruiter,1,1,1,1
Legal,Research Assistant II,1,1,1,1
Legal,Senior Editor,1,1,1,1
Legal,Senior Financial Analyst,1,1,1,1
Legal,Senior Quality Engineer,1,1,1,1
Legal,Software Engineer I,1,1,1,1
Legal,Software Test Engineer I,1,1,1,1
Legal,Software Test Engineer IV,2,2,2,2
Legal,Staff Accountant I,1,1,1,1
Legal,Staff Scientist,1,1,1,1
Legal,Statistician I,1,1,1,1
Legal,Statistician II,3,3,3,3
Legal,Structural Engineer,2,2,2,2
Legal,Systems Administrator II,1,1,1,1
Legal,Tax Accountant,1,1,1,1
Legal,Teacher,2,2,2,2
Legal,Web Developer I,3,3,3,3
Legal,Web Developer II,1,1,1,1
Legal,Web Developer III,1,1,1,1
Marketing,Account Executive,1,1,1,1
Marketing,Account Representative IV,1,1,1,1
Marketing,Accountant I,2,2,2,2
Marketing,Accountant IV,2,2,2,2
Marketing,Accounting Assistant III,1,1,1,1
Marketing,Accounting Assistant IV,4,4,4,4
Marketing,Administrative Assistant I,1,1,1,1
Marketing,Analyst Programmer,3,3,3,3
Marketing,Assistant Manager,2,2,2,2
Marketing,Assistant Professor,3,3,3,3
Marketing,Associate Professor,1,1,1,1
Marketing,Biostatistician II,3,3,3,3
Marketing,Biostatistician III,4,4,4,4
Marketing,Budget/Accounting Analyst II,3,3,3,3
Marketing,Budget/Accounting Analyst IV,2,2,2,2
Marketing,Chemical Engineer,1,1,1,1
Marketing,Civil Engineer,5,5,5,5
Marketing,Clinical Specialist,1,1,1,1
Marketing,Community Outreach Specialist,1,1,1,1
Marketing,Computer Systems Analyst II,1,1,1,1
Marketing,Computer Systems Analyst III,2,2,2,2
Marketing,Computer Systems Analyst IV,4,4,4,4
Marketing,Cost Accountant,3,3,3,3
Marketing,Data Coordiator,2,2,2,2
Marketing,Database Administrator III,1,1,1,1
Marketing,Database Administrator IV,1,1,1,1
Marketing,Dental Hygienist,3,3,3,3
Marketing,Desktop Support Technician,1,1,1,1
Marketing,Developer IV,1,1,1,1
Marketing,Electrical Engineer,2,2,2,2
Marketing,Engineer IV,1,1,1,1
Marketing,Environmental Tech,1,1,1,1
Marketing,Executive Secretary,1,1,1,1
Marketing,Financial Analyst,1,1,1,1
Marketing,Food Chemist,3,3,3,3
Marketing,General Manager,1,1,1,1
Marketing,Geologist II,1,1,1,1
Marketing,GIS Technical Architect,1,1,1,1
Marketing,Graphic Designer,2,2,2,2
Marketing,Health Coach I,1,1,1,1
Marketing,Health Coach III,2,2,2,2
Marketing,Health Coach IV,4,4,4,4
Marketing,Human Resources Assistant III,1,1,1,1
Marketing,Human Resources Manager,1,1,1,1
Marketing,Internal Auditor,2,2,2,2
Marketing,Mechanical Systems Engineer,2,2,2,2
Marketing,Media Manager IV,1,1,1,1
Marketing,Nuclear Power Engineer,2,2,2,2
Marketing,Nurse,1,1,1,1
Marketing,Nurse Practicioner,1,1,1,1
Marketing,Occupational Therapist,1,1,1,1
Marketing,Office Assistant III,1,1,1,1
Marketing,Operator,1,1,1,1
Marketing,Pharmacist,2,2,2,2
Marketing,Physical Therapy Assistant,3,3,3,3
Marketing,Product Engineer,2,2,2,2
Marketing,Professor,1,1,1,1
Marketing,Programmer IV,2,2,2,2
Marketing,Quality Control Specialist,1,1,1,1
Marketing,Quality Engineer,2,2,2,2
Marketing,Recruiter,2,2,2,2
Marketing,Recruiting Manager,2,2,2,2
Marketing,Registered Nurse,1,1,1,1
Marketing,Research Assistant IV,1,1,1,1
Marketing,Safety Technician I,2,2,2,2
Marketing,Safety Technician II,2,2,2,2
Marketing,Safety Technician IV,1,1,1,1
Marketing,Sales Representative,3,3,3,3
Marketing,Senior Cost Accountant,1,1,1,1
Marketing,Senior Developer,2,2,2,2
Marketing,Senior Editor,2,2,2,2
Marketing,Senior Financial Analyst,1,1,1,1
Marketing,Software Engineer IV,1,1,1,1
Marketing,Software Test Engineer I,1,1,1,1
Marketing,Software Test Engineer IV,1,1,1,1
Marketing,Staff Accountant II,2,2,2,2
Marketing,Staff Accountant III,1,1,1,1
Marketing,Staff Scientist,1,1,1,1
Marketing,Statistician I,1,1,1,1
Marketing,Statistician II,6,6,6,6
Marketing,Structural Engineer,1,1,1,1
Marketing,Systems Administrator IV,1,1,1,1
Marketing,Tax Accountant,2,2,2,2
Marketing,Teacher,5,5,5,5
Marketing,Technical Writer,1,1,1,1
Marketing,VP Accounting,3,3,3,3
Marketing,VP Marketing,1,1,1,1
Marketing,VP Product Management,2,2,2,2
Marketing,VP Quality Control,1,1,1,1
Marketing,Web Designer I,2,2,2,2
Marketing,Web Developer I,2,2,2,2
Marketing,Web Developer III,1,1,1,1
Product Management,Account Representative III,1,1,1,1
Product Management,Accountant I,1,1,1,1
Product Management,Accounting Assistant IV,1,1,1,1
Product Management,Analyst Programmer,2,2,2,2
Product Management,Assistant Manager,1,1,1,1
Product Management,Automation Specialist I,1,1,1,1
Product Management,Biostatistician III,1,1,1,1
Product Management,Budget/Accounting Analyst IV,2,2,2,2
Product Management,Cost Accountant,1,1,1,1
Product Management,Database Administrator I,1,1,1,1
Product Management,Electrical Engineer,1,1,1,1
Product Management,Engineer IV,2,2,2,2
Product Management,Geological Engineer,1,1,1,1
Product Management,Graphic Designer,3,3,3,3
Product Management,Help Desk Operator,2,2,2,2
Product Management,Help Desk Technician,1,1,1,1
Product Management,Junior Executive,1,1,1,1
Product Management,Legal Assistant,1,1,1,1
Product Management,Librarian,1,1,1,1
Product Management,Marketing Manager,1,1,1,1
Product Management,Nurse Practicioner,1,1,1,1
Product Management,Office Assistant IV,1,1,1,1
Product Management,Payment Adjustment Coordinator,2,2,2,2
Product Management,Pharmacist,1,1,1,1
Product Management,Physical Therapy Assistant,1,1,1,1
Product Management,Programmer Analyst IV,1,1,1,1
Product Management,Programmer IV,2,2,2,2
Product Management,Quality Control Specialist,1,1,1,1
Product Management,Research Assistant II,2,2,2,2
Product Management,Sales Associate,1,1,1,1
Product Management,Sales Representative,1,1,1,1
Product Management,Senior Editor,1,1,1,1
Product Management,Software Consultant,2,2,2,2
Product Management,Software Test Engineer I,1,1,1,1
Product Management,Software Test Engineer IV,1,1,1,1
Product Management,Staff Accountant IV,1,1,1,1
Product Management,Staff Scientist,1,1,1,1
Product Management,Systems Administrator IV,1,1,1,1
Product Management,Tax Accountant,1,1,1,1
Product Management,Technical Writer,2,2,2,2
Product Management,Web Designer II,1,1,1,1
Product Management,Web Developer I,2,2,2,2
Research and Development,Account Executive,2,2,2,2
Research and Development,Account Representative III,1,1,1,1
Research and Development,Account Representative IV,1,1,1,1
Research and Development,Accountant IV,1,1,1,1
Research and Development,Accounting Assistant IV,1,1,1,1
Research and Development,Actuary,1,1,1,1
Research and Development,Administrative Officer,2,2,2,2
Research and Development,Analog Circuit Design manager,1,1,1,1
Research and Development,Assistant Manager,1,1,1,1
Research and Development,Assistant Professor,3,3,3,3
Research and Development,Associate Professor,3,3,3,3
Research and Development,Automation Specialist I,1,1,1,1
Research and Development,Biostatistician II,1,1,1,1
Research and Development,Biostatistician III,2,2,2,2
Research and Development,Budget/Accounting Analyst III,2,2,2,2
Research and Development,Budget/Accounting Analyst IV,2,2,2,2
Research and Development,Chemical Engineer,2,2,2,2
Research and Development,Chief Design Engineer,3,3,3,3
Research and Development,Civil Engineer,1,1,1,1
Research and Development,Clinical Specialist,3,3,3,3
Research and Development,Community Outreach Specialist,2,2,2,2
Research and Development,Compensation Analyst,1,1,1,1
Research and Development,Computer Systems Analyst III,1,1,1,1
Research and Development,Cost Accountant,3,3,3,3
Research and Development,Data Coordiator,2,2,2,2
Research and Development,Database Administrator II,1,1,1,1
Research and Development,Database Administrator III,1,1,1,1
Research and Development,Dental Hygienist,1,1,1,1
Research and Development,Developer IV,1,1,1,1
Research and Development,Director of Sales,1,1,1,1
Research and Development,Electrical Engineer,1,1,1,1
Research and Development,Engineer IV,2,2,2,2
Research and Development,Environmental Tech,1,1,1,1
Research and Development,Executive Secretary,2,2,2,2
Research and Development,Food Chemist,1,1,1,1
Research and Development,General Manager,1,1,1,1
Research and Development,Geological Engineer,1,1,1,1
Research and Development,Geologist II,3,3,3,3
Research and Development,Geologist IV,1,1,1,1
Research and Development,Graphic Designer,3,3,3,3
Research and Development,Health Coach I,1,1,1,1
Research and Development,Health Coach III,1,1,1,1
Research and Development,Health Coach IV,4,4,4,4
Research and Development,Information Systems Manager,1,1,1,1
Research and Development,Internal Auditor,2,2,2,2
Research and Development,Junior Executive,1,1,1,1
Research and Development,Legal Assistant,1,1,1,1
Research and Development,Librarian,2,2,2,2
Research and Development,Marketing Manager,3,3,3,3
Research and Development,Media Manager III,3,3,3,3
Research and Development,Nuclear Power Engineer,2,2,2,2
Research and Development,Nurse Practicioner,1,1,1,1
Research and Development,Operator,2,2,2,2
Research and Development,Paralegal,2,2,2,2
Research and Development,Payment Adjustment Coordinator,1,1,1,1
Research and Development,Pharmacist,3,3,3,3
Research and Development,Physical Therapy Assistant,1,1,1,1
Research and Development,Programmer Analyst II,1,1,1,1
Research and Development,Programmer Analyst IV,2,2,2,2
Research and Development,Programmer I,3,3,3,3
Research and Development,Programmer III,3,3,3,3
Research and Development,Programmer IV,1,1,1,1
Research and Development,Project Manager,1,1,1,1
Research and Development,Quality Control Specialist,3,3,3,3
Research and Development,Recruiter,5,5,5,5
Research and Development,Recruiting Manager,5,5,5,5
Research and Development,Registered Nurse,2,2,2,2
Research and Development,Research Assistant II,2,2,2,2
Research and Development,Research Assistant IV,1,1,1,1
Research and Development,Research Associate,2,2,2,2
Research and Development,Sales Associate,1,1,1,1
Research and Development,Sales Representative,2,2,2,2
Research and Development,Senior Cost Accountant,1,1,1,1
Research and Development,Senior Developer,1,1,1,1
Research and Development,Senior Editor,3,3,3,3
Research and Development,Senior Financial Analyst,2,2,2,2
Research and Development,Senior Quality Engineer,2,2,2,2
Research and Development,Social Worker,2,2,2,2
Research and Development,Software Engineer I,1,1,1,1
Research and Development,Software Test Engineer I,1,1,1,1
Research and Development,Software Test Engineer IV,1,1,1,1
Research and Development,Speech Pathologist,1,1,1,1
Research and Development,Staff Accountant IV,3,3,3,3
Research and Development,Staff Scientist,1,1,1,1
Research and Development,Statistician I,2,2,2,2
Research and Development,Statistician II,2,2,2,2
Research and Development,Structural Analysis Engineer,1,1,1,1
Research and Development,Structural Engineer,3,3,3,3
Research and Development,Systems Administrator II,1,1,1,1
Research and Development,Systems Administrator IV,2,2,2,2
Research and Development,Tax Accountant,2,2,2,2
Research and Development,Teacher,4,4,4,4
Research and Development,Technical Writer,2,2,2,2
Research and Development,VP Accounting,1,1,1,1
Research and Development,Web Designer I,2,2,2,2
Research and Development,Web Designer II,1,1,1,1
Research and Development,Web Developer III,2,2,2,2
Sales,Account Executive,1,1,1,1
Sales,Accountant II,1,1,1,1
Sales,Accounting Assistant II,1,1,1,1
Sales,Accounting Assistant IV,1,1,1,1
Sales,Actuary,1,1,1,1
Sales,Administrative Assistant I,1,1,1,1
Sales,Administrative Officer,1,1,1,1
Sales,Analog Circuit Design manager,2,2,2,2
Sales,Analyst Programmer,1,1,1,1
Sales,Assistant Manager,2,2,2,2
Sales,Assistant Professor,2,2,2,2
Sales,Associate Professor,2,2,2,2
Sales,Biostatistician II,1,1,1,1
Sales,Biostatistician III,3,3,3,3
Sales,Budget/Accounting Analyst III,2,2,2,2
Sales,Budget/Accounting Analyst IV,3,3,3,3
Sales,Business Systems Development Analyst,1,1,1,1
Sales,Chief Design Engineer,2,2,2,2
Sales,Civil Engineer,2,2,2,2
Sales,Clinical Specialist,1,1,1,1
Sales,Computer Systems Analyst I,1,1,1,1
Sales,Computer Systems Analyst IV,1,1,1,1
Sales,Cost Accountant,3,3,3,3
Sales,Data Coordiator,1,1,1,1
Sales,Database Administrator III,1,1,1,1
Sales,Design Engineer,1,1,1,1
Sales,Director of Sales,3,3,3,3
Sales,Engineer III,2,2,2,2
Sales,Engineer IV,1,1,1,1
Sales,Financial Analyst,1,1,1,1
Sales,Geologist II,4,4,4,4
Sales,Geologist IV,2,2,2,2
Sales,Graphic Designer,1,1,1,1
Sales,Health Coach I,1,1,1,1
Sales,Health Coach III,4,4,4,4
Sales,Human Resources Manager,1,1,1,1
Sales,Librarian,1,1,1,1
Sales,Mechanical Systems Engineer,2,2,2,2
Sales,Media Manager II,1,1,1,1
Sales,Media Manager III,2,2,2,2
Sales,Nurse,1,1,1,1
Sales,Nurse Practicioner,1,1,1,1
Sales,Pharmacist,1,1,1,1
Sales,Programmer I,1,1,1,1
Sales,Programmer III,1,1,1,1
Sales,Programmer IV,3,3,3,3
Sales,Quality Control Specialist,1,1,1,1
Sales,Recruiter,2,2,2,2
Sales,Recruiting Manager,3,3,3,3
Sales,Research Assistant II,2,2,2,2
Sales,Research Assistant IV,1,1,1,1
Sales,Senior Financial Analyst,2,2,2,2
Sales,Senior Quality Engineer,1,1,1,1
Sales,Social Worker,1,1,1,1
Sales,Software Test Engineer IV,1,1,1,1
Sales,Staff Accountant I,1,1,1,1
Sales,Staff Accountant III,1,1,1,1
Sales,Staff Accountant IV,1,1,1,1
Sales,Staff Scientist,1,1,1,1
Sales,Statistician II,2,2,2,2
Sales,Structural Analysis Engineer,1,1,1,1
Sales,Systems Administrator II,1,1,1,1
Sales,Systems Administrator IV,2,2,2,2
Sales,Teacher,4,4,4,4
Sales,VP Accounting,4,4,4,4
Sales,Web Designer I,1,1,1,1
Sales,Web Developer I,1,1,1,1
Sales,Web Developer III,2,2,2,2
Services,Account Coordinator,3,3,3,3
Services,Account Executive,3,3,3,3
Services,Accountant I,2,2,2,2
Services,Accountant III,1,1,1,1
Services,Accountant IV,1,1,1,1
Services,Accounting Assistant I,1,1,1,1
Services,Accounting Assistant IV,2,2,2,2
Services,Administrative Assistant I,1,1,1,1
Services,Analog Circuit Design manager,1,1,1,1
Services,Analyst Programmer,3,3,3,3
Services,Assistant Manager,1,1,1,1
Services,Assistant Professor,1,1,1,1
Services,Associate Professor,4,4,4,4
Services,Biostatistician II,1,1,1,1
Services,Biostatistician III,2,2,2,2
Services,Biostatistician IV,2,2,2,2
Services,Budget/Accounting Analyst II,1,1,1,1
Services,Budget/Accounting Analyst III,2,2,2,2
Services,Budget/Accounting Analyst IV,4,4,4,4
Services,Chemical Engineer,1,1,1,1
Services,Chief Design Engineer,1,1,1,1
Services,Civil Engineer,2,2,2,2
Services,Clinical Specialist,5,5,5,5
Services,Community Outreach Specialist,4,4,4,4
Services,Computer Systems Analyst IV,1,1,1,1
Services,Cost Accountant,1,1,1,1
Services,Data Coordiator,2,2,2,2
Services,Database Administrator I,2,2,2,2
Services,Database Administrator III,1,1,1,1
Services,Database Administrator IV,1,1,1,1
Services,Dental Hygienist,2,2,2,2
Services,Design Engineer,1,1,1,1
Services,Developer I,3,3,3,3
Services,Developer II,1,1,1,1
Services,Developer III,1,1,1,1
Services,Director of Sales,1,1,1,1
Services,Electrical Engineer,1,1,1,1
Services,Engineer I,1,1,1,1
Services,Engineer III,3,3,3,3
Services,Engineer IV,2,2,2,2
Services,Environmental Tech,3,3,3,3
Services,Executive Secretary,2,2,2,2
Services,Food Chemist,4,4,4,4
Services,General Manager,1,1,1,1
Services,Geological Engineer,1,1,1,1
Services,Geologist I,2,2,2,2
Services,Geologist II,4,4,4,4
Services,Geologist IV,3,3,3,3
Services,GIS Technical Architect,2,2,2,2
Services,Graphic Designer,2,2,2,2
Services,Health Coach III,1,1,1,1
Services,Health Coach IV,1,1,1,1
Services,Human Resources Assistant II,2,2,2,2
Services,Human Resources Assistant IV,2,2,2,2
Services,Human Resources Manager,2,2,2,2
Services,Information Systems Manager,1,1,1,1
Services,Internal Auditor,3,3,3,3
Services,Junior Executive,3,3,3,3
Services,Legal Assistant,1,1,1,1
Services,Librarian,2,2,2,2
Services,Marketing Manager,1,1,1,1
Services,Media Manager III,2,2,2,2
Services,Media Manager IV,1,1,1,1
Services,Nuclear Power Engineer,1,1,1,1
Services,Nurse Practicioner,1,1,1,1
Services,Occupational Therapist,2,2,2,2
Services,Operator,2,2,2,2
Services,Paralegal,1,1,1,1
Services,Payment Adjustment Coordinator,1,1,1,1
Services,Pharmacist,2,2,2,2
Services,Physical Therapy Assistant,2,2,2,2
Services,Professor,2,2,2,2
Services,Programmer I,3,3,3,3
Services,Programmer III,3,3,3,3
Services,Programmer IV,8,8,8,8
Services,Project Manager,1,1,1,1
Services,Quality Control Specialist,3,3,3,3
Services,Quality Engineer,3,3,3,3
Services,Recruiter,2,2,2,2
Services,Recruiting Manager,3,3,3,3
Services,Registered Nurse,2,2,2,2
Services,Research Assistant II,4,4,4,4
Services,Research Assistant III,1,1,1,1
Services,Research Assistant IV,4,4,4,4
Services,Safety Technician IV,1,1,1,1
Services,Sales Representative,2,2,2,2
Services,Senior Cost Accountant,3,3,3,3
Services,Senior Developer,1,1,1,1
Services,Senior Editor,1,1,1,1
Services,Senior Financial Analyst,2,2,2,2
Services,Senior Quality Engineer,1,1,1,1
Services,Senior Sales Associate,1,1,1,1
Services,Software Engineer I,6,6,6,6
Services,Software Engineer III,1,1,1,1
Services,Software Test Engineer III,1,1,1,1
Services,Software Test Engineer IV,6,6,6,6
Services,Staff Accountant III,2,2,2,2
Services,Staff Accountant IV,1,1,1,1
Services,Staff Scientist,2,2,2,2
Services,Statistician I,1,1,1,1
Services,Statistician II,2,2,2,2
Services,Statistician III,1,1,1,1
Services,Structural Analysis Engineer,4,4,4,4
Services,Systems Administrator IV,2,2,2,2
Services,Teacher,6,6,6,6
Services,VP Accounting,2,2,2,2
Services,VP Product Management,3,3,3,3
Services,VP Quality Control,1,1,1,1
Services,Web Designer I,2,2,2,2
Services,Web Designer II,3,3,3,3
Services,Web Designer III,1,1,1,1
Services,Web Developer I,3,3,3,3
Services,Web Developer II,1,1,1,1
Support,Account Coordinator,3,3,3,3
Support,Account Executive,5,5,5,5
Support,Account Representative III,2,2,2,2
Support,Account Representative IV,2,2,2,2
Support,Accountant IV,2,2,2,2
Support,Accounting Assistant I,2,2,2,2
Support,Accounting Assistant II,3,3,3,3
Support,Accounting Assistant III,1,1,1,1
Support,Accounting Assistant IV,3,3,3,3
Support,Actuary,2,2,2,2
Support,Administrative Assistant III,1,1,1,1
Support,Analog Circuit Design manager,1,1,1,1
Support,Analyst Programmer,3,3,3,3
Support,Assistant Manager,3,3,3,3
Support,Assistant Media Planner,2,2,2,2
Support,Assistant Professor,3,3,3,3
Support,Associate Professor,5,5,5,5
Support,Automation Specialist I,4,4,4,4
Support,Automation Specialist IV,1,1,1,1
Support,Biostatistician II,1,1,1,1
Support,Biostatistician III,3,3,3,3
Support,Budget/Accounting Analyst I,2,2,2,2
Support,Budget/Accounting Analyst II,1,1,1,1
Support,Budget/Accounting Analyst IV,1,1,1,1
Support,Business Systems Development Analyst,1,1,1,1
Support,Chemical Engineer,1,1,1,1
Support,Chief Design Engineer,5,5,5,5
Support,Civil Engineer,4,4,4,4
Support,Clinical Specialist,6,6,6,6
Support,Community Outreach Specialist,1,1,1,1
Support,Computer Systems Analyst IV,1,1,1,1
Support,Cost Accountant,4,4,4,4
Support,Data Coordiator,1,1,1,1
Support,Database Administrator I,2,2,2,2
Support,Database Administrator II,1,1,1,1
Support,Database Administrator III,2,2,2,2
Support,Dental Hygienist,2,2,2,2
Support,Developer II,1,1,1,1
Support,Director of Sales,4,4,4,4
Support,Editor,2,2,2,2
Support,Electrical Engineer,1,1,1,1
Support,Engineer III,4,4,4,4
Support,Engineer IV,2,2,2,2
Support,Environmental Tech,1,1,1,1
Support,Executive Secretary,1,1,1,1
Support,Food Chemist,1,1,1,1
Support,General Manager,2,2,2,2
Support,Geological Engineer,1,1,1,1
Support,Geologist II,2,2,2,2
Support,Geologist IV,2,2,2,2
Support,GIS Technical Architect,2,2,2,2
Support,Graphic Designer,1,1,1,1
Support,Health Coach III,3,3,3,3
Support,Health Coach IV,2,2,2,2
Support,Human Resources Assistant II,1,1,1,1
Support,Human Resources Assistant III,1,1,1,1
Support,Human Resources Assistant IV,1,1,1,1
Support,Internal Auditor,1,1,1,1
Support,Junior Executive,2,2,2,2
Support,Marketing Manager,1,1,1,1
Support,Media Manager IV,1,1,1,1
Support,Nurse,2,2,2,2
Support,Nurse Practicioner,1,1,1,1
Support,Occupational Therapist,1,1,1,1
Support,Paralegal,1,1,1,1
Support,Pharmacist,2,2,2,2
Support,Product Engineer,2,2,2,2
Support,Professor,2,2,2,2
Support,Programmer Analyst II,2,2,2,2
Support,Programmer III,3,3,3,3
Support,Programmer IV,6,6,6,6
Support,Project Manager,1,1,1,1
Support,Quality Control Specialist,1,1,1,1
Support,Quality Engineer,2,2,2,2
Support,Recruiter,8,8,8,8
Support,Recruiting Manager,2,2,2,2
Support,Registered Nurse,4,4,4,4
Support,Research Assistant II,1,1,1,1
Support,Research Assistant III,1,1,1,1
Support,Research Assistant IV,2,2,2,2
Support,Sales Representative,2,2,2,2
Support,Senior Cost Accountant,2,2,2,2
Support,Senior Developer,3,3,3,3
Support,Senior Editor,4,4,4,4
Support,Senior Financial Analyst,5,5,5,5
Support,Social Worker,2,2,2,2
Support,Software Engineer III,2,2,2,2
Support,Software Test Engineer I,1,1,1,1
Support,Software Test Engineer IV,4,4,4,4
Support,Speech Pathologist,1,1,1,1
Support,Staff Accountant III,2,2,2,2
Support,Staff Accountant IV,1,1,1,1
Support,Staff Scientist,3,3,3,3
Support,Statistician I,2,2,2,2
Support,Statistician II,1,1,1,1
Support,Statistician III,1,1,1,1
Support,Structural Analysis Engineer,1,1,1,1
Support,Structural Engineer,2,2,2,2
Support,Systems Administrator II,2,2,2,2
Support,Systems Administrator IV,9,9,9,9
Support,Teacher,3,3,3,3
Support,Technical Writer,2,2,2,2
Support,VP Accounting,2,2,2,2
Support,VP Marketing,1,1,1,1
Support,VP Product Management,1,1,1,1
Support,VP Quality Control,1,1,1,1
Support,Web Designer I,6,6,6,6
Support,Web Designer II,4,4,4,4
Support,Web Designer IV,3,3,3,3
Support,Web Developer I,2,2,2,2
Support,Web Developer II,1,1,1,1
Support,Web Developer III,1,1,1,1
Training,Account Coordinator,1,1,1,1
Training,Account Representative IV,1,1,1,1
Training,Accountant I,1,1,1,1
Training,Accountant II,1,1,1,1
Training,Accountant IV,2,2,2,2
Training,Accounting Assistant I,1,1,1,1
Training,Accounting Assistant IV,1,1,1,1
Training,Actuary,1,1,1,1
Training,Analog Circuit Design manager,1,1,1,1
Training,Analyst Programmer,2,2,2,2
Training,Assistant Media Planner,1,1,1,1
Training,Biostatistician III,1,1,1,1
Training,Budget/Accounting Analyst III,4,4,4,4
Training,Budget/Accounting Analyst IV,2,2,2,2
Training,Chief Design Engineer,1,1,1,1
Training,Clinical Specialist,1,1,1,1
Training,Community Outreach Specialist,4,4,4,4
Training,Computer Systems Analyst III,1,1,1,1
Training,Data Coordiator,1,1,1,1
Training,Database Administrator II,2,2,2,2
Training,Database Administrator III,2,2,2,2
Training,Dental Hygienist,2,2,2,2
Training,Design Engineer,2,2,2,2
Training,Developer III,1,1,1,1
Training,Editor,2,2,2,2
Training,Engineer III,1,1,1,1
Training,Executive Secretary,1,1,1,1
Training,Financial Analyst,1,1,1,1
Training,Food Chemist,5,5,5,5
Training,General Manager,1,1,1,1
Training,Geological Engineer,1,1,1,1
Training,Geologist II,3,3,3,3
Training,Geologist IV,1,1,1,1
Training,Graphic Designer,3,3,3,3
Training,Health Coach III,2,2,2,2
Training,Health Coach IV,1,1,1,1
Training,Human Resources Assistant II,1,1,1,1
Training,Human Resources Assistant IV,1,1,1,1
Training,Information Systems Manager,2,2,2,2
Training,Internal Auditor,2,2,2,2
Training,Junior Executive,1,1,1,1
Training,Librarian,1,1,1,1
Training,Mechanical Systems Engineer,1,1,1,1
Training,Media Manager III,3,3,3,3
Training,Nuclear Power Engineer,1,1,1,1
Training,Office Assistant II,1,1,1,1
Training,Office Assistant III,1,1,1,1
Training,Operator,2,2,2,2
Training,Paralegal,1,1,1,1
Training,Pharmacist,3,3,3,3
Training,Programmer I,1,1,1,1
Training,Programmer IV,3,3,3,3
Training,Quality Control Specialist,1,1,1,1
Training,Quality Engineer,3,3,3,3
Training,Recruiter,3,3,3,3
Training,Registered Nurse,1,1,1,1
Training,Research Assistant IV,5,5,5,5
Training,Research Associate,1,1,1,1
Training,Sales Representative,5,5,5,5
Training,Senior Cost Accountant,1,1,1,1
Training,Senior Editor,3,3,3,3
Training,Senior Financial Analyst,1,1,1,1
Training,Senior Quality Engineer,1,1,1,1
Training,Software Engineer I,1,1,1,1
Training,Software Engineer III,2,2,2,2
Training,Software Test Engineer IV,1,1,1,1
Training,Staff Accountant III,1,1,1,1
Training,Staff Accountant IV,4,4,4,4
Training,Staff Scientist,3,3,3,3
Training,Statistician II,1,1,1,1
Training,Statistician III,1,1,1,1
Training,Structural Analysis Engineer,2,2,2,2
Training,Structural Engineer,2,2,2,2
Training,Systems Administrator II,2,2,2,2
Training,Systems Administrator IV,2,2,2,2
Training,Teacher,2,2,2,2
Training,Technical Writer,1,1,1,1
Training,VP Product Management,1,1,1,1
Training,VP Quality Control,1,1,1,1
Training,Web Developer III,1,1,1,1
